"","FLAVPHEN_PC1","FLAVPHEN_PC2","LES_PC1","LES_PC2","LES_PC3","LES_PC4","LES_PC5","LES_PC6","LES_PC7","LES_PC8","LES_PC9","LES_PC10"
"PPN_001",0.591497892456417,0.984899107930566,-0.825640875725932,2.58675976138309,-0.328543681697286,-1.66782359319722,-0.170262496965059,-0.112157217281025,-0.254722005921923,-0.14105537431061,-0.646222580648493,-0.420707566721559
"PPN_002",-0.680492735036775,0.0127572617511897,1.19370141021705,0.255303066882399,-0.850191029860468,-2.19064028901106,0.608364071443495,0.650591673161679,1.11992317590037,0.493181880180156,0.598101800743387,0.30954779938119
"PPN_003",0.816317537331715,-0.889222716390837,5.29728832081717,-0.64769687352942,0.146380206929304,-0.392420349751626,-0.413207415639696,0.393397109027589,-0.376947977110063,-0.23252162486881,0.59779268879448,0.23811914643014
"PPN_004",2.05383563935638,-1.45079730224906,1.84064587558144,0.51401046071134,-1.66992041724269,0.685289578964963,0.65371657972389,0.325029148346216,0.744678272119955,0.0752666541725626,-0.146176604457859,-0.146673479462393
"PPN_005",0.165752465766085,-1.1309030861649,-0.951414311661105,1.33479878014675,0.136744540502296,-0.65872350791091,0.989822289911858,-0.462321713429558,0.133216273834467,0.40808373941589,-1.16304170494217,-0.229094349269472
"PPN_006",-0.0439996324764235,0.376660563117164,1.31754341040434,1.48023323435964,-0.990709789717699,-2.77128991776553,1.56717362373089,-0.0899397079890103,-0.553962473643246,0.629480873596735,0.91092089893864,-0.143623974273596
"PPN_007",-0.140844119467527,0.824995678514814,0.706052292249356,2.31932879223782,-1.44103698273803,-1.66388826245664,-0.64684757270255,-0.0301502000640872,0.930170009809613,0.316222959645762,0.4148680263507,-0.188392286907935
"PPN_008",-1.14124052339385,-0.175400725411511,1.33063635621694,0.620126959851398,-1.84547947513913,0.0185960721147779,-0.18365754023154,-0.873573063250564,0.938849476590416,0.219041238370832,-0.401178592778125,0.015386778199123
"PPN_009",0.214407579976284,0.253442053897744,1.28497183325632,1.90886252400144,-1.38232272593584,0.384124214406741,0.0304325312482103,1.30716400779675,0.419167345182353,0.988882073767479,-1.53740032237176,-0.276918992250659
"PPN_010",0.162102014465211,-0.235007193524333,0.455813203472306,2.79232296887888,-1.4066469068871,0.678811640080298,2.62804872912916,0.734539200948968,0.367443514128475,0.179287891350588,-0.966355269816488,-0.0948242319737237
"PPN_011",0.474695327947624,-0.331298581833485,2.02518973672783,0.686090730898785,0.602912969296046,0.805825054164624,0.521653823326901,0.212597623825792,0.774435679892581,0.00525495339307023,0.600585029207297,0.177194984132867
"PPN_012",0.390152894179558,0.429187368101017,-0.20937203900457,2.56145172903526,1.14417810256004,-1.47572442205311,1.03269263991043,-0.794154005908239,0.235430381423079,0.180043339162684,0.763656150363166,-0.228268399217184
"PPN_013",-0.366682604454071,-0.382166090771487,2.43522307071301,1.49940817155201,0.419258358824699,-1.02098857036675,0.503048062250015,1.21899810782067,-0.118004014656372,-0.776524138365128,-0.258843990685757,0.276663278946846
"PPN_014",0.744519635732248,0.0748206265483273,2.00452278144569,2.8412727355867,0.774907356868486,-2.43349448928946,-1.68351299497823,0.193664175523378,-0.868322985654576,-0.263559909448175,1.18170409764984,0.340977231270799
"PPN_015",0.798263257816392,0.210341188990784,0.915844385735966,2.10501028250087,-0.891034087487766,-0.419112530860457,1.94721721428709,0.814671585682131,-0.198970861765949,-0.843725624591179,-0.525787205826798,0.00371577862864628
"PPN_016",-0.465960725645757,0.66343295305321,-0.161141635127357,0.816925360909131,0.177724256305139,-0.0808762039449937,0.178787161253366,0.0774024426318265,0.0498759240278178,0.125741278596779,0.0984320357280783,0.0217759565944575
"PPN_017",0.0116245251263531,0.0506589990478129,1.66819857024368,0.481357654853073,-0.804753268023086,0.10484081422515,-0.401919171682609,1.18758166586429,0.667372024494655,-0.64811733421215,0.700174985978186,-0.0331243138906835
"PPN_018",-0.911198488424484,0.000123349318981614,1.2080213523753,1.18087328064836,-1.6613790409872,0.526311049471786,-0.258673455472475,1.49038403514613,-0.524007973231081,0.589820931050711,0.0954787987163855,-0.354122053581744
"PPN_019",0.0396578434005216,-0.166638503752958,1.94374132678883,2.35089760208932,-1.88030326360931,-0.77274667837312,1.63386209499988,1.34749843548173,0.934991015845708,1.27997730836413,0.352052261509053,-0.316183611628165
"PPN_020",-0.680935213982335,0.12135070328338,0.237996898885824,2.35302111338196,-3.44591829360341,-1.10021576184921,1.29611400599494,0.668147808083153,0.194071348332773,1.21103678051847,2.14943216981635,0.200638362379312
"PPN_021",-0.585528783564303,0.025944272865348,-0.131947393796163,1.41526018064874,-2.24138165204892,-0.399226684498208,1.73726917722684,-1.3090052406825,-0.378501225146921,0.462162945817507,0.53758483864445,0.42206579635232
"PPN_022",-0.353274353867133,-0.34149886006511,1.72972616168405,1.21105996451438,-1.34504710016235,0.68380621351771,-0.755379929432237,-1.26229446582554,-0.473034281941416,0.330943062371687,0.244928356398097,0.182447340885715
"PPN_023",-0.273931047709402,0.173988128003623,2.90608620797854,2.05937669279526,-2.23566456858628,1.0922218958857,-0.554957897885752,-0.250581824821413,0.0332036315854719,0.594010212479902,0.948459492655857,-0.0410299225432393
"PPN_024",2.34925963121459,-0.664711668240975,3.78358472491522,1.08501472148113,-0.748887212531035,1.13668887269695,-1.82040844253026,0.0979487048527507,1.51888672298422,-0.142068200805609,-0.0815840080642454,0.524956710487577
"PPN_025",1.0439259381005,-0.116434713233297,0.406962732288101,1.10234828038117,-1.71703656747626,1.74504118481551,0.181986025797635,0.275849763790906,0.363303276991275,0.513263065007286,-0.704441312521285,-0.245743503061056
"PPN_026",-0.65544614964514,0.528465489292703,0.0548733076367296,2.71040641766913,-2.84609269987622,1.19663518733912,1.05455060682648,-0.515504290073398,0.0923858853579992,-1.11569308310862,-0.184374753361227,-0.0688873720880009
"PPN_027",0.679580157788967,-0.644334374261458,0.728205937427294,0.505550965337528,-0.746823300491604,-2.35288469278713,-0.440612890748005,-0.379583618728144,-0.425027736745337,0.427974992324494,0.137070634926368,-0.502437088908212
"PPN_028",-0.64071046222152,0.243352395402508,3.81104075322832,-0.943010799816122,-0.324641091013746,-0.143463660334829,1.57558377397922,0.585351492468196,0.47228589287698,-0.515827226129384,0.413926338752824,0.0876219033528242
"PPN_029",0.677035903851994,-0.019922085451364,-0.32263835097865,3.36561442677234,-0.772237220534811,-0.701855099337888,0.524049831632362,-0.588046804788471,-0.960534553862938,0.606925298853293,0.735318723585824,-0.406212428322651
"PPN_030",-0.0287108463708529,-0.0441943326882685,1.72853210100678,0.974391676730815,-1.59039243250013,-0.621688480823199,1.31404376556427,0.179788773632862,-0.556267999458264,0.348880203141412,-0.186900721147316,-0.368909964189478
"PPN_031",-0.679607777145654,-0.204429621313191,0.831572804171961,1.71098945198543,-1.58612021343242,-0.280273681531833,-1.10641250399235,0.152924214095271,0.235120018991204,1.46590031956695,0.349348725905288,-0.191255037193732
"PPN_032",-0.51826629115683,0.174983705631134,1.18418661662477,0.98995900591758,-1.06915918650347,-0.664367902696111,-0.898876007534252,-1.30718661704321,0.909482717827414,-0.400827785853713,-0.964127879911179,-0.110121349247247
"PPN_033",-1.45317011845792,-0.241999499400644,1.78202918806025,-0.842294111346704,-0.23105803799498,0.599565408109947,0.309640328255961,-1.43624899436874,0.241841998912648,-0.969605535732112,0.724500237772108,0.416626788072792
"PPN_034",3.28316788088817,-0.00339321976176847,1.17959365280733,2.67402767815187,-0.480321701876273,-1.32559067681757,-1.33635040099825,1.56556264615039,0.34184339680989,-0.93782878207241,-0.385234144069114,0.0887593364296636
"PPN_035",-0.558269803444866,-0.00131470725408967,1.32398209291914,0.846459224934473,-1.65184407655803,0.847766688426253,0.771863571126932,-0.346000140499586,-0.0972998366644328,-0.306871463814354,-0.158023292587722,0.0498169566515384
"PPN_036",1.4535849780468,-0.715357937706196,1.62757449114666,1.6859727248952,-1.67462927946753,-1.40746850119629,0.487978448551332,-1.32201232679686,0.825377242674917,0.467133014359845,-0.0524370161685209,-0.200744252321231
"PPN_037",0.130971343572119,0.742444400001771,2.59402833943453,1.35761306780091,-0.587673481170622,0.807890427915684,2.67317088671074,-0.110040909534435,-0.399080961480841,-1.37830195118264,-0.205852013764272,-0.238086775259686
"PPN_038",-0.31603633498885,0.513508562396303,0.199319044408889,1.83213972202344,-2.61437998529992,0.325053107388646,0.949581062932294,1.24909983170231,1.16895952933729,1.51845510411501,0.143360920825618,0.268825249599431
"PPN_039",-1.09957771505997,-0.406327718272001,1.49594993272668,-0.203627815979813,0.980985475977817,0.22722139858374,0.835529472090035,-0.198853669743982,0.378434959329807,1.11735062928874,-0.105157882491434,0.000476821341243608
"PPN_040",-2.13021983198826,-0.646459411736605,1.46971969497176,0.841359419931082,0.0199899437575894,-0.200459038847964,1.91352339135092,-0.0838166203401751,0.196214705795421,-0.486421307235284,0.685239783232006,0.191969480286301
"PPN_041",-2.6329622878884,-0.522245324889673,2.86535189865341,0.381182526028746,1.63734055735082,0.361175776077449,0.448339634247121,-0.674491940225157,0.028147636864872,0.39897679130907,0.274280707003979,0.202038862257288
"PPN_042",-2.70199469607811,-0.236910991526699,-0.448020652437605,1.3137625499874,0.626826592708219,0.65150746462903,1.03078707882171,0.162167189067184,0.397418504625266,-0.61048536686962,-0.0951425941050905,0.141999704565282
"PPN_043",-2.14241126547491,-0.985758606656504,2.76931618785112,1.00065735910705,0.546668704593867,0.731780111720524,1.86375166475052,-1.44730317373154,-0.893953679052059,1.214884104662,0.657331324546983,-0.287389337358123
"PPN_044",-1.91369666734222,-0.48445420732944,1.30388114908292,-0.837241635059388,1.93051757953538,-0.0144337898841851,1.12543544087805,-1.37721927298718,-0.0179129674085749,0.447525316571898,-0.49423249936764,-0.316485186414157
"PPN_045",-1.31377786524181,-1.13844849072316,4.36074854447895,2.26818392360005,0.0872587417658814,-0.0686826946539306,-0.488623178418869,1.98063372738798,-0.0161548625253235,0.624150314317585,-0.110045468772538,-0.195156238340154
"PPN_046",-2.2128817302377,-0.347495588313911,2.31819118043729,1.22296816895272,1.34191064431464,-0.671265325098789,0.421615524503321,-0.645483842372021,-0.235564952305139,-0.114738499952314,0.798608713892067,-0.445317951677114
"PPN_047",-2.25299586226212,-0.496645640816087,2.93957047301665,1.46911343986029,0.226504502256501,-1.23398774164089,0.565454458046323,0.609649547886126,0.170747590199043,0.605705709107918,0.0144081769426425,-0.00239250397522774
"PPN_048",-1.35798492751267,-0.283109209052581,4.58401562203146,0.786365216977908,0.28801584260836,2.11046038652446,-0.434455695035429,1.1162571131211,0.264394200944933,-1.3558114476814,-0.287715629568206,0.0905275696981798
"PPN_049",-1.4766680275401,-1.13778477230482,1.93087106976092,-0.989082610726672,-0.273286469691098,-0.513641771535066,0.173796033687061,0.310722236246785,-0.991193043771084,0.502623909549697,-1.01666177076142,0.276988278616361
"PPN_050",-2.26629349311267,-0.564461231905511,1.75228773409466,0.748741638559394,1.29447175750717,-1.01551171020642,0.036042952472107,0.269850739812101,1.07284303078904,0.330308155547572,0.236613977482595,-0.088849219807335
"PPN_051",-2.75474274053475,-0.616766797416584,1.72784783118136,1.83730741608628,0.320885299079636,-1.74546878164763,0.702802868558962,1.14874556358953,-0.987533142821751,0.47590099230648,0.758810325567892,0.0253155465916831
"PPN_052",-2.60769446302398,-0.0608338181142546,-2.59844120473954,2.59216399777434,0.0343244700441701,1.15363784367887,0.568512967044855,-0.360707020064059,-1.6029374539013,0.0874808808056676,-2.98677454726022,-1.53264596874916
"PPN_053",-2.7009991184506,-0.481246234974127,0.378747553248466,2.43125640765069,0.697110796307473,-1.68969991486003,-1.17167768809919,-0.206373325766148,-0.202195840118225,0.128860609567366,0.858168229718798,0.0947637789559539
"PPN_054",-0.639714884594008,-0.000982848044919378,0.068887267133922,2.09677177348472,0.242034810456198,0.461644800958094,-0.104521141652881,0.7149471084844,0.535239438810637,0.259210561147067,0.0238496348451711,-0.433300541194481
"PPN_055",-2.18506965143631,-0.510496370348587,3.42942884973162,0.897788184448505,1.72374960240903,-0.0442850090036764,-0.187425123355097,-0.309786337919625,0.478944154311145,0.310835815809956,0.171706413270945,-0.650075371679001
"PPN_056",-1.89763354308192,-1.09534762581621,0.509103375388613,-0.149438846943976,1.97091167123096,-0.22741283567168,1.49074795362691,0.218995131701897,1.42914923076052,1.13735211171066,0.262674465243123,0.292660209304911
"PPN_057",-1.96898896573583,-0.239897724409232,3.35796049419247,1.77138545390424,1.29676297046246,2.05067123184865,-1.28369227607989,1.58983264170704,1.42635399174276,0.428533074593203,-0.303292982584037,0.126091672789544
"PPN_058",-2.1447342799391,-0.415643038612505,0.227269283074118,0.147047805533124,0.714076766685591,-0.755741214670751,1.33993869524564,1.07165823971746,0.656138401686784,0.365623068380111,-0.477768986837523,0.323292340484917
"PPN_059",-1.8735825353178,-0.335304154827264,0.297771381869626,1.03998888002077,0.334553346858655,0.940660946267515,-0.308641279210144,0.0514662496700122,0.981866577555669,1.56742530929439,-0.915553554414459,-0.564372844958126
"PPN_060",-2.06483787509942,-0.0358978524590095,-3.57937245646572,2.50104792989789,-1.93659788971625,-0.0817757316714447,-2.85616314923629,-3.0700148554434,-0.59287212286035,0.939352332822745,-0.55916361086747,-0.029201499770057
"PPN_061",-2.09121189732774,-0.225825755403952,2.8132848135122,0.1727089401723,-0.724161651771439,-0.129928487579602,1.02562165071108,-1.20858902453291,0.391818193420282,0.983149263060409,0.419164502331157,0.444368990478361
"PPN_062",-2.80981379945557,-0.426507035262471,5.47327724830056,1.89272761485725,1.06675243891484,0.848713874046589,0.608695914177921,1.06314438687825,0.657873796862491,0.714166138588134,-0.379580561518717,0.409297098627151
"PPN_063",-2.03569835946135,-0.524678959090256,1.43420437101695,1.59061210146009,0.117814413543884,-1.38477415609952,0.140061818712795,-0.237060975642522,-0.0220193718259757,0.565975581588232,0.0755838703110517,-0.293173583349017
"PPN_064",-0.990763034054995,-0.461066917983657,4.28211955984183,1.25121652107906,-0.176133415749977,0.114760351748501,0.565324296286272,0.637246140527452,0.301557472814902,0.716832855423285,-0.969476093146277,0.160752466412895
"PPN_065",-2.40258839370986,-0.428166331308323,0.0805666015284114,0.561686835860586,0.394095852353184,0.0799886514305959,0.858473975151375,-0.261183429965302,0.851009409413956,0.113955188460281,-1.02753776347457,-0.332169411082588
"PPN_066",-2.06373167773552,-0.307381456289485,2.89595187580329,1.39437607380232,1.05631981392825,0.667968220970488,0.774334319487333,-0.232102046276489,0.498049932991529,-0.374935321691359,0.543495845690993,0.160997975532457
"PPN_067",-2.01009867538777,-0.14471253346398,-1.10012320598915,1.87695479395976,0.876598289549203,1.50195886506715,-1.38933862462791,1.67994886220891,1.23294474882829,1.18717520744355,0.0633594493583145,0.37445409911949
"PPN_068",-2.00943495696942,-0.307602695762266,0.282475128296223,0.966591635519276,-0.152914613789713,-1.22745321529272,-0.602515871319968,1.06680157943142,-0.0707319541550638,0.957928367438789,-0.360470965851257,-0.442387584229743
"PPN_069",-2.11769653929244,-0.388605297965848,1.80531792687965,2.27698022617206,0.156628500892798,-0.388611115706739,0.628180854296724,-0.664509609226992,-0.7420183723958,0.568060020447107,1.20147651680178,-0.114291777652362
"PPN_070",-1.94007068957054,-0.674382110274383,0.526549186303669,1.46143916549834,1.98568761557282,0.443095879107832,0.499973575094757,0.426865053250296,-0.969914309301136,-0.924540120963131,-1.015412834096,-0.132562282327636
"PPN_071",-2.47040398479928,-0.441463962158871,3.81337280436965,0.108276323767865,-0.173650163327302,0.541793536724184,1.9487059781669,1.23989193321046,-0.0322748677758448,0.705932654336131,0.416556286960231,-0.376983696302535
"PPN_072",-2.279812363436,-0.57798010222884,3.62971239262794,0.635272737560702,0.905189820216258,-2.72940771404445,0.0978420625648218,-0.803516604490068,-0.544194494026465,1.06073141252789,0.312378578688978,0.105563313940677
"PPN_073",-1.42436246202903,-0.649335524882748,1.65170475703373,0.740895269694949,0.822711967114814,2.05307314949353,1.22713623998388,-0.606365898747718,0.555759716770396,0.662934845845408,0.785174716372124,0.275274366765724
"PPN_074",-1.45040462504817,-0.920708508976833,1.43152908253979,1.51528393887621,0.566664942453645,-0.717021510348679,0.394660509530452,-0.703054110106151,0.89828916785114,0.791932797964502,0.527487795290573,-0.277986130974848
"PPN_075",-1.13449271947406,-1.83145070877741,4.18253020979536,-4.78981589250411,-1.07974476158515,-0.980492580124409,0.221088457584102,0.617133929466555,-1.52899754908833,2.09109564551575,-1.21916455952616,-0.320477070169814
"PPN_076",-2.30596514619154,-0.822204725939878,3.09466027493362,1.08984062621879,2.21420701478754,0.391928138438892,1.11002757172255,-0.512507040889264,0.122235573526344,0.428473668903103,0.353408388704975,-0.217610911798876
"PPN_077",-0.504858040569892,0.215650936337511,0.191152831150931,-1.21368004848799,0.00813885903230391,-1.75349960756364,-1.32848350772587,0.305420910268444,1.18103929185524,-0.341076280375773,-0.540201459172048,1.02202646067528
"PPN_078",-0.574554167177947,0.663875431998771,-3.00821427161874,0.941209514964571,0.661089954363404,-0.554205561525325,1.79684463517506,-0.980715175367449,-1.75888269131776,0.307964512879147,-0.165212848885302,0.197933768380671
"PPN_079",0.268372441533209,0.334665895574106,1.22555535334306,-0.380231296178047,-1.25961958568035,-1.14727165040127,-0.846626808944398,0.158335515636027,-0.669693096726476,-1.34032373427639,0.248078660793114,-0.211670281666458
"PPN_080",-1.1014582505786,0.0551944082398076,-2.64859264537726,0.286063718262382,-1.47647372569001,0.100021369369962,-0.482930562579848,-0.455107874518154,-0.493368847209792,0.322278169446531,-0.276892583146141,-0.0752999886732703
"PPN_081",-0.0162981734114253,0.240808141465536,-1.40960161997179,-0.288496722818597,-0.337413113241844,-0.27147206133768,-0.0340893793350926,0.415522267081612,0.112414934087377,0.149575577815045,-0.258971409987191,0.0800148153125285
"PPN_082",-1.40108579241963,0.300746468787527,-4.01256261625368,0.513624600185218,-1.21041805995428,0.344595051352155,2.26556481872753,-0.395797408887641,-0.348307077613823,0.766853212598075,-0.263133322920772,-0.219543864996952
"PPN_083",-0.151265637171932,0.0513227174661534,2.09802912894121,-1.34096874257501,-3.15490240255438,2.17973183714149,-1.80054916186336,-0.434390596623712,-1.43651246430961,-0.640418026997381,0.591046724931584,-0.433495702874477
"PPN_084",-0.722044923634272,0.216535894228632,-2.88818441728322,1.41419222640544,-1.19294058877025,2.05472470531596,0.656963185438485,0.657459888221762,-0.865172923690757,0.776645143468172,-0.497223389645282,0.0242369639822746
"PPN_085",-0.51815567142044,0.147835345248087,-2.37481022559368,0.362940711505722,0.210308811065067,-2.0697413685838,1.99842156272483,0.494614023574641,-1.14665722815603,-0.506951742512575,-0.626526526994747,0.411822421190631
"PPN_086",-0.639825504330399,0.0261655123381282,-1.41617627327459,-0.544128151656325,-1.4431764515592,-0.187106159055886,0.468233340762302,-0.321434560729314,-0.502863511393586,-0.680069074187864,-0.222723848883668,0.148776771711324
"PPN_087",-0.965384589454189,-0.0268037715912858,-0.533538932650635,-0.972721671551395,-1.70271674467635,-0.0303787936718441,-0.479837917471079,-0.0572202992609665,-1.58267117357601,0.154590610044015,0.812438337434586,-0.384536305869984
"PPN_088",-0.897900857573936,0.0679389404084055,-2.0597136227422,-0.300217470096762,-1.74300760617392,0.921601405460962,0.864953685116459,0.88764143647798,-1.64350214335783,0.0887483203477947,0.0702411224845438,0.277628095941195
"PPN_089",-0.721934303897882,0.189387533845584,3.73687784252631,-1.35169178815633,-1.17885429894553,-1.59224415231923,1.31236702043407,0.715239708385847,-1.09169557942105,-2.08314717188328,0.131632188912428,0.0165662418401875
"PPN_090",-0.315261996834119,0.32347003971497,-1.46743466093304,-0.680612124602702,-0.179954544042192,0.0738747911275094,-0.601620721703127,-0.52746212335416,-0.158083244609724,-0.501033315623596,0.781051160806008,0.127083634728881
"PPN_091",-0.845042193380912,0.420646385915244,-2.08126518144494,-0.456140270193676,-1.18814266417176,0.706484722397068,1.55880345342146,-0.463917630225427,-0.815308362590209,1.03724635963842,-0.544387635904705,0.757466652321291
"PPN_092",-0.462973992763224,-0.0695727772890742,-1.06301347123087,0.777407952504407,-0.870834339964431,-0.0554762081694415,1.83197180464267,-0.686892213038234,-0.93479637391885,-0.0264582411436286,0.0239483777604338,-0.0975472799293349
"PPN_093",-0.940669863271724,0.570349537099371,-3.82645189343877,2.70913373026224,1.16704148646794,1.95469906176585,0.163448009485017,1.99626220887873,-0.364356165515449,-0.0483076871214461,-0.220598878217676,0.0505203794359478
"PPN_094",-0.558822902126817,0.134427094661148,-1.18883526070699,0.0422931511989969,-0.616203238985446,0.0218528040263239,1.46714734598354,-0.0976277758530711,-0.0964294469901303,0.598233251150769,-0.226074029189209,-0.154254989833385
"PPN_095",-1.4683482848271,0.151707036021741,-1.65956119864648,0.475821483710204,-0.863958801670418,0.395428448639471,1.35176942739228,3.04008886101994,0.173079636213463,0.456370276734144,-0.318669898007997,1.28243593743618
"PPN_096",-1.18323519093691,0.136971348598121,-1.55139643134944,0.249306669864247,-0.323783185007625,-1.98212121713396,-1.09829111608107,-0.926157681665555,0.0595931052931043,-0.119323942816619,0.0151346583584763,0.132059794246387
"PPN_097",-0.952640057285591,0.176753621413376,-0.545282347898328,-1.42415729753927,1.03921595018991,-1.00436007908803,0.145200811305154,-1.33145925677364,-1.59215971794956,-0.46019169039297,-0.0773409401886122,0.501469121780422
"PPN_098",-0.940780483008114,0.597497897482418,0.581738945873034,-0.973902559370206,-2.74282434078029,-1.61548298694816,0.379812164166667,0.468461072878514,0.0292669271408637,-1.08939335896932,-0.378497188355749,1.0101149470006
"PPN_099",-0.423634198893529,0.269615797894435,-2.43832729863922,1.94469193263439,1.63766829630434,-0.212022929016803,0.843918271766326,-0.442742130368977,0.39490191166807,0.255494819393395,-0.67368391055229,-0.122878564434399
"PPN_100",-0.40934099041547,0.0930961455364309,0.0684997566589495,-1.26652732274913,1.27788057953995,-2.15057692806229,0.20979605012495,0.304739209993223,-0.203829946456663,-1.39954795130026,-0.30787441566379,0.415967088829947
"PPN_101",-0.20832785134778,0.730252966515123,-3.40964989915907,2.11860899137321,0.629567579057762,0.0536862257182398,1.13446131007087,0.173735079540345,-0.806543247458968,0.785864368656287,0.400416763496585,0.180171693867095
"PPN_102",0.741090423904154,0.916419798422802,0.104954896642137,-1.10609398822441,-0.544684024193497,-2.63776801238929,-0.925386451346958,-1.37973891104669,0.141405565098059,-0.381899956879276,-0.12530439938042,0.0487323098096397
"PPN_103",-0.462973992763224,-0.0695727772890742,0.162481727330255,0.411091962003812,0.12737830718029,-2.77993799440747,-1.01932549643249,0.0797646392342714,-0.171805884686209,-1.00023580577738,-0.463222970779395,0.11444620260564
"PPN_104",-0.492113508401294,0.419208329342172,-1.25399395722322,-0.1542879195928,-0.214063487033704,-0.775737845315169,-1.00545873912956,0.723520030488176,-0.953062190167877,0.0267572722684547,0.510407872424005,0.396707263177351
"PPN_105",0.37774022122013,0.144184893947213,-1.12980161188914,0.771438382429045,-0.866117786818623,0.0549816321889255,-0.502187049689738,0.467566542063786,-0.320979041538411,-1.03044483001773,0.492577891453135,-0.520306833178835
"PPN_106",0.0774489609607547,0.552627116793217,-1.46999846070645,1.1400123670274,-2.06285904731714,-2.00721159550968,-3.6498673201131,-0.758552334288302,0.294754211087008,-1.11000915443905,-0.261311797882527,0.362984467155879
"PPN_107",0.0232628599310499,0.52569999588295,1.06513951987512,-2.364153261424,-2.62427496146497,1.40903489676245,-0.603947450412266,0.911863127493464,-1.56247343673946,-0.0417105700847584,0.274377874717186,0.0475432243485791
"PPN_108",-0.614778918938763,0.541873739879642,-1.67937341934355,-0.390905736567566,-1.24866503117069,0.474264708633851,-0.782594496976922,-0.786609191897438,-0.522560869028007,-0.247210996601071,-0.37610930937418,0.674579257239392
"PPN_109",-0.667858822604567,0.243463015138899,-4.8204860451093,1.39177562186604,1.4211753024658,-0.808051475254837,-0.00973422591075412,-0.536503423974421,-0.93584023947174,0.606510948402771,-0.139534022371235,0.165443133877243
"PPN_110",-1.14312105891248,0.286121401100297,-2.55661661594334,0.377735918469546,-1.25733419260921,-0.240376389102456,0.827512242221543,0.192332842931095,-0.612657817768035,0.353051856324145,-0.824891363969185,0.582792941792625
"PPN_111",-0.520589305621023,0.745099273675133,-3.30318928347274,1.73171044772285,0.748415080444741,-1.02709580878387,-1.6650603677194,1.10489655666525,-2.12462823404662,-0.0503268088818872,0.330050118822999,-0.0914935156935858
"PPN_112",-1.34745279007188,0.463415391613032,-3.85894615794825,0.530472217399344,-0.0670855096268786,0.286135698599268,0.526267224645516,0.439517310227005,-1.80375896611837,0.88871321974451,-0.132771733937902,0.653758813695308
"PPN_113",-0.679497157409264,-0.231577981696239,-2.97649531913837,-5.37720662473023,0.368985658083247,-1.88812817944696,0.0870624708544372,0.723519293259514,-2.09455309484062,0.463194306873558,0.266725125359806,-0.444644912972513
"PPN_114",-0.379537756359059,-0.558575123393101,-0.48076422167377,-0.778305738696907,-0.39122777002762,-1.33389916148282,0.666761403330441,-0.14215738549823,-1.17003178618133,0.552757756923029,-0.223448735100313,0.204719703588315
"PPN_115",-0.761384717503967,-0.122652680954878,1.34650848833974,-1.14473641870679,-1.15069160649591,-0.548283348289863,-1.40996403987272,0.576417444938646,0.553000907493366,-0.463246972240724,-0.18119230167899,-0.25349090744424
"PPN_116",-0.354159311758253,-0.12431197700073,-1.41777603156713,-0.946962679172419,0.093530970805861,0.0638357351185189,-0.057471523414146,-0.419361362816576,0.876835310136006,0.610668722835995,-0.00359889280221818,0.308659729496135
"PPN_117",0.799590694653073,-0.115439135605787,0.237716450671693,-2.01080725408891,0.977712697294648,-0.396080005058727,-0.643478469731708,-0.8159931724746,1.53112231158655,0.572768966466996,0.0704208225095513,-0.282906378576597
"PPN_118",-0.110045307783606,-0.0710108338621457,0.713361799641574,0.899087268542279,-2.04571396081168,0.263126419984206,-1.2034955393829,-2.2899106148543,-0.426905418532566,0.0658139570963373,-1.17831174193906,0.205047835318733
"PPN_119",-0.31625757446163,0.567805283162398,-3.05019616908094,0.549483523042908,-1.60726775126199,-0.984027447275938,-2.26500769332831,-1.61888326058095,0.726111804576309,0.0318202768910627,-0.917239950280937,-0.211331700547851
"PPN_120",-0.341636019062436,0.133542136770027,0.181367915561775,-2.73951574628426,0.244444666016308,0.73889287523502,-0.0633252519157976,0.423817237593563,-0.132286316297333,0.596502156324881,0.182532089935647,-0.448915619414014
"PPN_121",-0.384515644496614,0.66310109384404,-0.0745336837164464,-1.1804605754336,0.0485539370502516,-0.673343678444966,-0.647707181988632,0.361008138219991,0.313946405404018,0.0650435168576528,-0.414754278507675,-0.204316490728203
"PPN_122",0.540187904572855,0.252114617061062,0.124034633225517,-1.46370390800367,1.3605501047073,-1.65869293654193,-0.709074944790599,0.0742385385752057,-0.190820609435523,-0.865513117633152,-0.203701441811975,0.344881637102583
"PPN_123",0.213743861557943,0.416332216196029,-0.740692930158457,-0.184411645900397,-0.760198226914285,-0.528518360857131,-0.157246761611164,-0.338458970247189,0.58481546845895,-0.626964701435094,-0.447731960425654,-0.0824670816873833
"PPN_124",-0.151708116117493,0.159916158998344,-4.59992676504553,-1.75164759659571,0.0841534600055594,0.396286711321264,1.21285201433452,0.592155453830248,0.314365692029377,1.47892932408648,-0.00949287831612518,0.370987356816986
"PPN_125",-0.135091893175241,-0.58671906140366,0.331903266592694,-1.96692687586572,-0.897247514222198,-0.278696918948872,-0.786621064339558,-0.16169341244536,1.00428696714692,0.016437096398899,0.275569647380724,-0.607926142775526
"PPN_126",-0.814354001433381,-0.448211766078669,-1.37613869159918,-1.64341834931859,-0.423933426185294,-1.31804089554003,-0.054826205967254,-0.435304279253453,-0.0958503759008906,0.172287713008263,-0.201292437349851,-0.616150104187422
"PPN_127",0.230138845027415,-0.276006283439879,1.98951031957892,-2.23022606350459,-0.231359204178034,-0.198690073067477,0.170195321174336,-0.027425391642792,0.714350761648689,-0.75305535483048,1.09015396814761,-0.153726625908273
"PPN_128",2.14216240664544,0.19129133184795,0.755687632742158,-0.709363208804531,-1.49772035354176,1.61038118594519,0.39958869126927,-0.25462165649877,0.0751621976684884,-0.729856496818093,0.899809166148367,-0.74304569893822
"PPN_129",-2.49633552808204,-0.739985306636005,-3.32744355554479,-0.325755261588575,2.55619340556113,0.216338626940127,-0.346813550024932,-0.857935171066775,0.0538405536664757,-0.178047898100023,-0.158766206807458,0.723039590804404
"PPN_130",1.63309136328734,-1.46265687652654,2.91251995450128,-0.917432043006684,0.696513551227923,0.440359355221691,-0.862520269979488,0.0815062823566248,-0.0115055275336901,0.301136199469786,0.50061832077918,0.323301828460452
"PPN_131",1.00370118633969,-0.238436405352426,2.36550846118398,-3.34018764516566,-1.07399148459436,-0.817263889777273,0.869150895246925,0.0360211941219323,0.303678802834577,-0.481215735663588,0.699451084619376,-0.357004519270677
"PPN_132",-1.11586207879305,0.25886242098086,-1.32026915202351,-1.1773922760035,0.433444875158217,0.89906060964278,0.680956032150217,-0.179411168020415,1.20928810514104,-0.326243045048985,-0.98531150044862,-0.0522609581633129
"PPN_133",0.539524186154514,0.415004779359348,0.17174149590129,-0.418696248413944,-0.601690568250073,-0.0138038052310466,-0.345129773879324,0.236113585769311,0.321595224808686,0.18261672755953,0.103700265807536,-0.499180165431965
"PPN_134",0.0789976372702166,0.172550071430551,0.986945400445512,-1.39403171085549,-0.288387055724215,0.21819071514969,0.113436301589975,1.07501911846029,0.184048603952456,0.627715113355504,-0.182509619870218,-0.0853738507774437
"PPN_135",-0.0682718797133281,-0.329086187105683,0.165379900135126,0.604836188789669,0.645467292826945,-1.37984214007723,-0.630572634247643,-0.485881927861375,0.111835003980508,-1.3895857231116,-0.148126395553013,-0.197013210972865
"PPN_136",-0.504747420833502,0.188502575954463,-1.96567941610903,-1.06844766076485,-0.257149039682677,-0.333487338404678,-2.50698381216801,0.132394494815371,0.152674351173615,0.374352121633525,-0.226422044856708,0.183889969438265
"PPN_137",1.76894378493896,-1.49035833559154,0.165362296317939,-1.87701060962603,0.336972930498013,-0.874534280956407,-1.02868891789604,-0.346030605335188,-0.0614844055037673,-0.129193388288857,-0.0996299718193489,-0.0829742280934937
"PPN_138",-0.819110650098156,0.719167730392377,-2.53685923569535,-0.45146483965916,-1.18241899878717,0.704866628112581,0.537209734879086,0.152384588708537,0.486228868556743,0.552441634415181,-1.03870925975412,0.240073618777944
"PPN_139",-1.81647762273876,0.937759562485041,-4.61887694493749,1.63971476595131,1.0751936564853,-2.58098109310024,-0.759006099605474,0.0727602257042508,0.763457326296285,0.289260381574652,-1.12808967369751,0.595562885160342
"PPN_140",0.448542545192087,-0.575523205544524,0.606711708644731,0.733327398480671,-1.22588727761665,-0.313858168495877,0.669331767710493,-0.285293848231759,1.20719793513128,-0.62966709614198,-0.948611165346318,-0.281453771593818
"PPN_141",0.203432963589928,-0.38448910523568,1.29983030584835,-1.59221006137537,-0.0514986903895206,0.142536568533911,-0.325607299091678,-0.0311496500001157,0.717752576731122,0.642074382124026,0.346645860908642,-0.133021271709305
"PPN_142",1.01915598941256,-0.639168275805515,-0.628100417470895,0.254282253468466,1.48800790816736,-0.713847386073945,0.0378179762497669,1.04140796942789,0.741082994211715,-0.265201000197464,-0.325573086215467,0.132583791429823
"PPN_143",-0.383298827396323,0.364469129630517,-1.13703152376517,-2.72936629208925,0.493180369355838,0.379052163210626,-0.0829444722926694,-1.06035467922305,-0.299632816912798,0.80402834145302,0.282223008740819,0.16993432511066
"PPN_144",0.105592898971314,0.308181253609399,1.09189914353814,-2.52389998111639,-0.291117070908273,0.585313632353312,-0.302480638066673,-0.320184129935383,0.597712426931104,0.601347601289386,-0.0933263450317774,-0.582714261806733
"PPN_145",-1.25248883859941,0.476602402727191,-3.5270887790925,0.749218534855507,0.68343078506635,-2.23255871983071,1.20276162128793,0.149676521480353,-0.615697823486154,-0.290953065003499,-0.24976426633869,-0.156756577698812
"PPN_146",-0.489458634727931,-0.23235231985097,-0.135910892524576,-2.39861157818624,-0.347110790038619,-2.08399097473877,0.949661268419683,0.00908205583105962,-0.0934488819039839,-0.9198128292267,-0.563574113721555,-0.513844180935459
"PPN_147",-0.205119878992467,-0.0570494845932568,-0.887811053221388,-2.56207580515399,0.51755895410823,-1.45296160358242,0.307709993528866,-0.305404121834025,1.20187382987228,-0.566976979360482,0.734662043666324,0.169565460619191
"PPN_148",-0.0564123054358508,0.0916580889633593,1.55908616882501,-0.722455506383628,0.328983417220226,-1.70386290933062,-0.299703467362145,-0.713186540042384,1.03258054691192,-0.636535282143044,0.147771519493547,0.0435574777494085
"PPN_149",0.529102668450109,-0.358668181689313,-1.17061645190276,-0.502945768511932,-0.281027971333113,-0.681044782879456,0.9005876680686,0.487189860546126,1.07841789934609,0.309442326275625,-0.383361790987619,0.171603473601168
"PPN_150",-1.41515776142491,0.422969400379436,-1.0739911253315,3.10679529779653,1.56788816963129,-1.24922868694292,-0.710659623622436,1.84308871725725,-1.02728960580195,-0.203169617390992,-0.34359276302228,-0.477145885906783
"PPN_151",0.32808952938242,-0.995825002668005,0.324614484583744,-1.81897232831353,0.488800033385407,0.260735141908222,-1.28762568045831,1.69654428449356,1.0308933324278,0.0892110770365374,0.728340067626146,-0.221851086247531
"PPN_152",0.0661424853652285,-0.00385896119106251,-1.5746171903016,-0.543795762395849,0.530775004231792,-0.434040112142822,-0.817687891475188,1.00435670877191,-0.558038664373806,0.0496386843458747,-0.0634856590261026,-0.300899747124333
"PPN_153",0.434138716977637,-0.371855192803471,1.61471325002284,-0.677923067326323,-0.0845910124578377,1.20952913985067,-0.770631881893236,0.333611859553781,0.266721054011215,0.733279146399095,0.0517747650520743,-0.19748898863576
"PPN_154",0.231798141073267,-0.683231689185593,-0.350093686539125,-0.569255525889783,0.37732654814297,-0.238598752864531,0.739144864240236,0.260900787528917,0.942958631483004,0.271884136450974,-0.430921938816295,0.053017496922133
"PPN_155",0.705622320808113,-0.372961390167373,2.91061417165313,-1.91617749879209,-0.117654326053828,-0.093391106262662,-0.268100813058227,0.0790793645183649,-0.143457799668532,0.54100426921461,0.0706426405283005,0.254160103934716
"PPN_156",-0.517381333265709,-0.0422031774332463,0.333980669817608,-1.972039594546,0.609276468532813,-1.32307592905788,-0.388889457869567,-0.907282445489582,1.04882336748286,0.633485223981118,-0.0422767353692476,0.0347971264197748
"PPN_157",0.573530970193749,-1.26830418412599,2.9736489122532,-2.02027542539325,-1.09027739412497,0.463038143066882,0.104518533740131,0.737742032061748,0.247756929242211,-0.134949805486943,-1.34286275508596,-0.0369802759555956
"PPN_158",1.47885280291121,-0.253946430930777,2.92278215359697,-1.85469439900561,1.63693815771141,0.42639625768272,0.114213486899329,-0.434157935642164,-0.184334849498927,0.0472935554622531,0.0101607242008094,0.377562442219059
"PPN_159",0.368424900879626,-0.900971670931924,-1.89874655047534,0.41741897378475,0.691684363095585,0.564947134483161,-0.074545400274048,-2.4533174483538,-0.313982651551694,-0.153115090921065,-0.729420981662239,-0.195173728987364
"PPN_160",0.188918515639088,-0.15367273211158,-0.387619644176398,0.559260488676737,0.177411190466993,-0.315448177727371,-0.629149753354791,0.379043184420346,-0.00105985297117112,0.507132280669499,-0.0489335520936873,0.195811793560168
"PPN_161",0.566119447855611,0.550635961538195,0.295580694794749,-0.493875491322962,1.66965999180306,0.408552554953842,-0.787037494441144,-1.93277888881541,-0.500220130901361,1.82362687796819,0.366817391259863,0.458139353828569
"PPN_162",0.527664611877037,-0.00573949670969488,-0.858156563742062,-1.21510131281613,0.828981318136935,0.943579633397615,-1.90338633883076,0.631969296993393,-0.20183214812299,-0.324320815438395,0.105373777928056,0.35396055550306
"PPN_163",-0.163014591713019,-0.396569918985936,2.96378958232323,-2.4751345640003,1.53249033792595,1.07131144014246,-0.443768498700467,1.43726306229156,0.504394096470567,-0.253518702510362,-0.103611744955084,0.214997275206726
"PPN_164",0.979097079893611,-0.86273807442613,0.0862871927132085,-3.20541298238965,0.686003639742022,0.842076379885053,-0.158652940241435,0.70093759718273,0.449474678593839,0.880043589757804,-0.653049679382674,-0.228511595433568
"PPN_165",1.46798880626125,-0.919025950447248,0.4930450077645,0.284265198358613,1.0468021242911,-0.0289200900392435,-2.07732930159556,-0.702551114428314,0.0494026035324028,0.712515587102809,-0.0263885842603697,-0.154452766221553
"PPN_166",-0.299862590992158,-0.12453321647351,0.548305903542313,-0.894996437301711,0.559721692229153,0.789032719949106,-0.50675092092602,-0.530561024459722,-0.307858798526383,1.96434841073084,0.697840505664231,0.0889040555336443
"PPN_167",1.05844038605134,-0.347251086357397,1.27092699447656,-1.99320147997311,1.31650372779639,-0.646271978820433,0.149917433133435,-0.392453118955532,0.132318547034274,0.446123207047997,0.44792372461523,-0.105186496342586
"PPN_168",0.161880774992431,-0.180710472758237,1.17198991242031,-0.557701246735452,1.02991691675149,-0.907020257746299,0.0203563249827549,0.888745918737049,1.13599108034614,-0.793442315176037,-0.849092599383705,0.263684736982753
"PPN_169",0.53054072502318,-0.711596866668932,3.62008693709393,-2.67831118714852,0.971204410229973,0.145050827671156,-0.160513202643701,-0.0926421536913233,-0.645226100080693,0.00485704493634966,0.408355008421264,0.0447339384899264
"PPN_170",0.408207173694881,-0.670376537280605,3.38976841795147,-1.13633972995607,1.82121320693363,0.147936428382234,0.488236053953795,-0.0172738280850291,0.477416811771407,0.58619687872836,0.00165266815486154,0.0300991576460921
"PPN_171",-0.313381461315487,-0.138052086796839,-1.69865079543864,-1.03907380527125,1.50068319181147,1.25324770031553,0.429633391560094,-0.260755973917228,0.126018413953705,0.62222163466186,0.136217176519371,-0.0649411308859872
"PPN_172",0.71692879640364,0.183524687816907,-2.94163965486913,-1.12640973605272,-0.176070867903407,0.410376674096121,-0.979657253111632,-0.317283771227217,1.2766396422316,-0.43543142815392,1.79903520118672,-0.207613590361245
"PPN_173",-0.818889410625376,0.664871009626282,-1.80528752810994,-1.54610993110327,1.61577880587529,-0.616755337792891,-0.604084087168716,0.165766297197033,0.0870924280111766,-0.151981085269739,-0.559820511145445,0.398239731758876
"PPN_174",0.382718109357685,-1.07749132328993,4.70276022495929,-0.172942956823865,1.21364110646043,-0.50962710925427,-0.997798629641522,-0.463563664026006,-0.363805800607351,-0.0568758011225039,0.344590478604301,-0.0384790441506269
"PPN_175",2.7575912343242,-0.937854568117302,3.71562304247856,-2.18849198257021,0.980156445495795,0.78936728238713,-0.197338685071763,-0.709845748859021,0.020554074940549,-0.00310999417930851,-0.106781830548324,-0.397594372728905
"PPN_176",0.284988664475461,-0.411969324827897,0.259247113378664,-0.344279834783851,-0.536221833047518,0.379273531409662,-1.76367597934,-1.15736516284819,-1.07037961124771,-0.33784147949871,-0.353310006615513,0.0376455603253537
"PPN_177",0.273460949407154,-0.914158682046083,2.71060375954961,-1.41536641541759,0.0769294127366249,-0.292163527832344,0.163262243207146,1.62285301964312,0.0346789877231344,0.437711422241758,-1.7592680252418,0.220353886760845
"PPN_178",2.33728943720072,-1.05830758392697,-1.10964615017185,-0.434559289961363,-0.500968911689302,-0.503807623548757,-0.273996140366384,-0.275071352794432,0.977771208475845,-0.195228898963713,0.151344215261685,-0.50673961343833
"PPN_179",0.0397684631369117,-0.193786864136006,3.22941349156805,-1.03205101764631,1.38986292163018,0.0671253997737588,-1.22889577938871,-0.596773701913765,-1.04249435564181,0.651480491955361,-1.22681027292008,0.332486889688052
"PPN_180",0.447215108355406,-0.249742880947952,0.96245712504081,-1.38511286869928,0.970679316833418,0.0738334495139656,-0.972321100532358,0.615224597580533,0.304076766722867,-0.450036709865368,-0.422729533475729,0.239953487036034
"PPN_181",0.449206263610428,-0.738413367842809,2.57842674159842,-1.62226948943314,1.21529055275185,-0.180978582880886,-0.333973014287123,-0.460378618360675,-0.325982910423826,0.0648260654455338,-1.16810874856943,-0.0157278185147005
"PPN_182",0.722570402959535,-1.20104169171852,0.917441208568245,-2.92501277595533,1.73047405758784,-1.23641140801493,-0.0218718772415076,-0.543227090119936,-0.648847253659391,-0.0383421321175139,0.616755072879868,-0.276515031945411
"PPN_183",-0.432285800815693,-0.938430929282987,4.44059026525735,0.0534358034146858,0.921067613489083,0.675524668267634,0.825337625186242,0.735596074942551,-2.24428431385747,0.368788385539671,-0.620198027711937,0.163701822856467
"PPN_184",1.27960957962577,-1.32547701803823,2.63705629267855,-1.85922089740967,1.55716654700728,0.138792351343311,0.214343572085296,-0.815641322083593,0.243582958733055,0.264993143932252,-0.101787083667915,-0.386372506608166
"PPN_185",0.992505330480549,-0.822070843719754,0.797253046621403,-1.97555032849523,0.212971253261226,1.72785353683168,-0.587796444213133,-0.573194033640671,0.583884632144146,0.0370367889746207,-0.156817877969099,-0.266303886950851
"PPN_186",0.732881300927551,-0.400220370286811,0.927196682692652,0.618463583243636,-0.0661024735607813,-1.02376887579528,-1.61159242202895,-1.47592958837125,-0.591935464473886,0.169104846454938,0.0133501454967377,0.00606759904720572
"PPN_187",0.518017432327362,-0.969450980439689,1.57271728663473,-1.09762615170327,-0.720221288762521,-0.0682778221043057,-0.517620309562959,0.483012339436172,1.00832507214106,-1.36262007914433,-0.10626154566026,-0.246343355965194
"PPN_188",0.719141191131442,-0.359442519844044,1.97168600993693,-4.09495481745738,0.238504451872581,-0.0877507852373765,0.174933082781789,0.188673396828981,-0.442840592829148,0.466028065330433,-0.287332994392682,0.151419698938567
"PPN_189",2.47336309832513,-1.14030576375806,3.23887453214655,1.29677226296024,1.01218233966302,-1.04855281343968,-0.545817595465576,-0.141268527846061,-1.0637465682029,-0.869255878983693,-0.233292782454232,-0.00818392631072348
"PPN_190",0.272022892834082,-0.561229997066464,1.47514468702734,-1.23604712920005,0.462481844398584,-0.031472077110378,-0.754349069883857,-0.763666856214089,-0.53607620915264,1.22061306359838,-0.265625220277592,-0.165086279039708
"PPN_191",1.09921823649411,-0.360991196153506,-0.1349984255356,-1.0559113548877,1.3771723022318,1.25353233172297,-0.562744112084284,-0.194207983077498,-0.149248603422588,-0.133398993029341,0.78347380903817,-0.0612881259095658
"PPN_192",1.00381180607608,-0.265584765735474,0.482211398970505,0.94775875575816,-0.0135913049456481,0.0256598511107776,0.293221027970807,1.35369300634055,0.586495481068708,-0.779662318344512,0.321211678140897,-0.017689098368292
"PPN_193",1.2344069397274,-0.225802492920219,-2.19479155152291,-0.118293784553544,0.410128869350616,-0.716155377989497,-0.962165267232576,-0.357930626632354,0.772547855105609,0.321976428325812,0.297296269760348,-0.139208555624818
"PPN_194",2.49730348635286,-0.353113932386074,-0.0660861273280165,0.22489679531062,-0.232250120042761,0.258489252959049,-1.61089899215464,0.906215046016042,0.94392684766165,-0.335560128487004,0.268567217205431,-0.0903460719618555
"PPN_195",0.903427487520489,1.0514978819197,-2.01952067851511,-0.488576747398934,0.15977687144308,0.669821693068525,-0.914686808556304,-1.06280166823203,0.981037413562097,1.02677702875778,-0.856446634269613,0.430282666607628
"PPN_196",1.01522890140799,0.263752951865759,-4.6008943505539,-0.832699301203125,1.50995157852361,0.150454380214502,0.149865346487422,0.342930022232766,0.538495895036117,0.193909559826619,0.287896396736781,-0.0333422579190167
"PPN_197",2.37961596395295,-1.45212473908574,-1.71029967939787,-0.826002304738263,-0.13922340505034,-0.806516985828122,0.443170554957408,0.0662202184830767,1.04108465106523,-0.209463497041295,0.0260707628157555,-0.51782071967138
"PPN_198",0.759034083683087,-0.155995746575772,-1.10137896076358,-0.00476675084281463,-1.21871345476114,0.482532092383949,-0.217254785291871,-1.14436997956623,0.28972633791896,-0.753021479912924,0.614357403427927,-0.141133881630535
"PPN_199",0.82563285767222,0.1559338484883,-2.00496128901432,-0.639100548791639,-0.392085178009863,0.434760892955961,-0.0178691479798018,-0.319607662735212,0.497322050464671,-0.531464201250486,0.382052709049372,-0.000517265179944674
"PPN_200",1.57613976884788,-0.810874987860618,1.54753378786088,0.0918025659989872,1.63127271616337,0.797410583261735,-1.28050998599032,0.0756191007770794,-0.736745865620502,0.0953643616107477,0.102915790242272,-0.18067810414406
"PPN_201",0.678252720952285,-0.318554049664888,-1.24852631085459,0.0263482165048936,1.20837554450897,-0.356748807110189,0.0145665169804964,0.822152063742373,-0.495239534847943,0.139130106174206,0.0315939095363807,-0.0699378216492331
"PPN_202",-0.949321465193888,-0.637697190078051,-10.7763699866973,-1.8192983440109,2.75806893372793,1.91483756454143,0.977887558653296,-0.186423075901091,0.941716031567309,-1.45994754806711,-1.25476523834622,-0.687245562581004
"PPN_203",3.44937663527816,-0.818507749671537,0.380100898209795,-1.11824083329604,-0.135990951383286,-0.222710807895399,-0.414091639515424,0.346054874644892,-0.924040003679451,-0.085111538073428,-0.095962183729723,-0.248082174740127
"PPN_204",0.648670726368655,0.278820498498549,-0.224088644208977,0.838434159044572,0.357770100530829,-0.0809692052028283,-0.954201903699406,-0.183536186747902,0.556217088662718,-0.840235794476887,-0.0605606067503972,-0.0610081415355861
"PPN_205",0.365106308787922,-0.086520859440497,-5.16306141232213,-0.227064285354578,1.44043336975788,-1.79763667784011,1.07760358462232,0.740211001294231,1.45924896403701,0.427229919692148,0.240834351881485,-0.0837610446572126
"PPN_206",0.321784204408183,0.551631539165707,-2.94646454236416,1.16294591313366,0.368799012999169,0.572905485405579,1.16871526991216,-0.255217446315441,1.55555976859531,-0.166012257592275,2.16801270772538,-0.149891870870693
"PPN_207",1.60140759371229,-0.3494634810852,2.31453643563782,-1.86528752407053,-0.298913941422013,-0.3981194898507,-1.33547611491434,-0.123701118761695,0.163479347618958,-0.350549829667069,-0.847964400108298,0.303674358242713
"PPN_208",2.74473608241921,-1.11426360073892,1.47587718779775,1.19699497334076,1.154305415081,-1.15185271660065,-0.522148538190698,-0.780721637232231,-0.592238560489897,0.0859590519682672,-1.59171081077933,-0.118129140427157
"PPN_209",1.2089178753902,-0.632917278929543,0.390298361327907,-0.615830874164313,0.488357050928058,-1.38999090089368,0.180301801770099,0.481693391571691,-0.832156365109796,-0.499758609800474,-0.758450228391088,-0.378026390365947
"PPN_210",2.7010821188303,-0.394666120983571,-1.02391914132059,0.992202952889561,1.68579284990016,-0.117873463832651,0.126581329713483,0.559003206626985,0.205178402749529,-1.48057204114346,0.370050892640849,-0.316897531100331
"PPN_211",-0.341414779589656,0.0792454160039318,-4.64733160404056,-1.01373909546157,1.36360265631678,0.942049617310196,-0.849278419576335,0.479968613933495,-0.77729050299561,0.958553688920837,-0.108287937096602,-0.103670149171918
"PPN_212",1.69769898202145,-0.662056794567612,0.0626927159281978,-0.16410858868987,1.12584223106176,-0.383715141205757,-1.63462655327833,0.390663780510526,-0.185443003112308,0.249263720252651,0.732141031619706,-0.178890939535519
"PPN_213",1.68473321038007,-0.811317466806178,-0.857615799349533,-0.220720623180326,-0.467170629261018,0.693256116459182,-0.333050584007378,-0.630095124946822,0.787061953715555,0.541499810797199,0.54485494961012,-0.22453353314855
"PPN_214",0.661857737482814,0.373784449971021,0.820391593067119,1.82870340893636,0.204112192607998,1.07958065764059,-0.16223626366862,-0.93365248966028,0.322984344237814,-1.46515355920926,-0.292031043508637,-0.0197277746324242
"PPN_215",4.07224024777879,-0.440974958245843,-2.54337617816444,0.598281048261028,2.75754910053543,-0.243224690604399,-0.610350190153536,-0.268702032172473,-0.024676772174319,0.0531338786837262,0.656539912531118,-0.311775704614495
"PPN_216",1.46356401680564,0.166908464874655,-1.57611373133105,0.392384494648349,1.02192723634105,0.207209438551203,0.425106190065857,0.864352694877584,1.8867921650013,-0.397072595991423,0.415044486169206,0.0562505314470051
"PPN_217",1.261997779056,-0.334506554188799,0.493725565773438,-1.64767638188086,0.398546170138624,0.323033111303313,-0.0146430412389256,0.0789197883479237,0.687128693536126,-0.654682648378483,0.27916670379106,-0.0182505365251396
"PPN_218",0.130418244890169,0.878186201917008,-7.06226712926689,0.838804580950055,2.62727257667642,-1.57921458683384,0.025222354628474,1.03053650041664,0.811245797487606,0.0043231485473648,0.812879298791826,-0.0458358020948338
"PPN_219",0.909511573021945,-0.441661939147918,-0.0276982094920937,-0.196819097430974,1.48396090439233,-1.46545604548727,0.435749478927544,-0.24223434858973,0.364796949841064,-0.871194742293333,0.811538986968443,-0.289690887908596
"PPN_220",1.28361515261955,1.02280084522719,0.502309945310841,0.477845163395577,-0.463684037658358,-1.54717086422916,-1.23235146802489,0.24165197867722,-0.708656960092336,0.0716472642705774,-0.553410750013258,0.45881716673444
"PPN_222",2.26538091586486,-0.0671158806047575,-4.41961282341657,-0.668893311357279,0.122616516312696,0.797094988722502,-0.0109953242411187,-0.58643092579139,0.893167611106429,-0.0492396861882972,1.81132747010048,-0.40638034787724
"PPN_223",0.894001547443595,0.0334896774236101,0.0219086891433861,0.0445832462107547,-1.00602093978779,0.246104494458582,-1.00669655997131,0.459073711809711,0.475541760110024,0.0760944320274896,0.0930784564390636,0.193911815459513
"PPN_224",1.40959915524872,0.085684623198293,0.84263387811325,0.474143318763946,-0.364865310672491,0.393794859824637,1.0445490126878,-0.45235321787286,1.35921612252074,-0.673732813032995,-0.479220930181876,-0.112245554371688
"PPN_225",0.992062851534989,-0.713477402187564,-2.30258095770276,-0.412485139170741,0.341887412541869,1.48889742574705,0.464926413089032,-1.0912811049696,0.150737085675904,-0.283633038633047,-0.432491882843085,-0.348087752578222
"PPN_226",1.71110723260838,-0.621389563861235,1.78500468125643,0.758348034990873,1.14136745678384,-0.840631369752384,-0.894139714762028,-0.429528523674023,-1.37715093948935,0.738562620989782,-0.526640574869097,-0.0748630085744888
"PPN_227",2.50051145870818,-1.14041638349445,1.10270477969307,0.504474058491048,0.273237365996453,0.934085094495199,-0.871152907470565,0.634818866691464,-0.441050431068634,-0.147778270420261,0.373897377675139,-0.3978752637887
"PPN_228",1.62866657383173,-0.376722461204637,0.00569311915572123,-0.96257985340015,-0.930035255881267,0.346379081546415,0.755154297820823,0.609692709965065,0.398100420416123,-0.494023515150055,-0.241123781353544,-0.173319147873515
"PPN_229",-0.546852708112949,0.528023010347143,-2.34529713194839,-4.33707759942663,-0.943829602021018,0.41696955697906,1.75862576515982,0.647408653176331,-0.508658915950858,-0.555575846495721,0.332607042137339,0.263046834778636
"PPN_230",-0.153367412163345,0.567141564744057,-1.45590325930368,-2.08844450159633,-0.246722071930499,-0.321810537216254,1.280676686036,0.861517825524511,0.297725947084507,0.379515005503791,-0.236209041169355,0.116222071914527
"PPN_231",-0.0591777988456037,0.770367098539549,-1.95790272914023,0.276210467774071,0.774515221402182,1.58192481982663,-0.34069523975496,-0.0240795847190521,-1.09465327025485,-0.286526901927104,0.458152467210702,0.251942584883122
"PPN_232",0.656437370399698,1.70405410874035,-3.54090234790501,0.569960716063726,-1.51049826813609,1.48009445999549,-0.499870990378426,0.903378122311769,0.349212969750923,0.700620987562227,0.123554246101628,0.378438272525625
"PPN_233",-0.96560582892697,0.0274929491748094,-0.148114049079895,0.330194670604111,-1.89736195805451,0.873117790344712,-1.85611523349562,0.795336787018992,-0.778228892608206,0.254694337810707,0.344004004821598,-0.595974437037809
"PPN_234",2.23878565416376,-0.202747062783605,-0.283208386539989,-5.19029825052496,-1.56867503618705,1.4242554124658,-0.634383737899808,1.23814099984252,-1.40733696585561,0.386068846261365,0.752981898433502,-0.278935419209712
"PPN_235",0.321120485989843,0.714521701463992,-1.9521630576042,-3.14434414218771,-0.436860980991519,-0.221592252209833,0.227988260613374,-1.10477111798926,-1.29479800516825,-0.207620576491908,0.983069448617789,-0.114423084170017
"PPN_236",-0.398587613501894,0.785324025435949,-0.348981787048671,-0.1170372645981,1.00896755262889,0.0192312794008553,0.294289601538755,-0.0848099281642685,-1.74192394355174,-0.0950082009125336,0.607788262010629,0.145040770126378
"PPN_237",-0.153035552954174,0.485696483594915,-2.47591086457115,-1.56681651944229,0.315058740743767,-0.795935147502069,1.7081427441212,-0.529048558309532,0.701579026703786,0.093067479926819,-0.410851023069153,-0.109278932354737
"PPN_238",0.199782512289054,0.511406787404891,-1.02696832294501,-0.821962926195311,-1.40234342107229,0.367480121217166,-1.246418325142,-0.969465732557543,0.0390018283296971,-0.902637668220128,0.164344088364359,0.113726697475355
"PPN_239",-0.600153851251533,0.283909006372495,-0.445493704176043,-1.20979107294951,0.113056415974371,1.42989099463795,0.473371277767691,0.189457991639124,0.032485017945128,-0.0917227133096442,-0.972431590578993,-0.0833937585107198
"PPN_240",0.387608640242585,1.05359965691111,0.00694722407885644,-1.06304495929346,-0.2378634141906,1.27429541197302,1.97317235752043,-1.17141101382033,0.580424881238975,-1.10983581502296,0.370650566262472,0.145603732382798
"PPN_241",4.49610513895049,2.13634936236144,-4.59349716004447,0.903705693578138,-4.86954381646241,-1.91502980207177,-3.27118228710502,0.162937997319894,0.871760034417216,0.472084470509291,0.326699457135942,0.0652173139161327
"PPN_242",2.90596694867165,-0.707701913411544,0.389866528794669,1.85154046405434,1.09604812650653,-0.310883309266044,-1.52901496897186,-0.274387637425719,1.16122123869289,0.0765896155644043,-0.439518105784596,-0.414948477499841
"PPN_243",0.71715003587642,0.129227967050812,-2.0527278570405,3.27902671861701,1.2084059649485,-0.810816635866254,-0.411238421534201,1.00861898114251,-0.875951193024161,-0.822970881106588,0.942339508121338,-0.352908968451086
"PPN_244",0.823973561626368,0.563159254234013,-3.05228397902196,-0.396758208990183,0.893988866863691,0.602404313491758,1.45988122444513,1.06895845639203,1.11441376939007,-0.945778224571367,0.543747624212482,-0.167375655474939
"PPN_245",-0.0721435704869822,0.621106426300982,-3.02499299614217,-0.915685872158048,-0.408348190701014,0.132074665140123,0.899357392103654,0.681378579293129,-0.328262651471901,-0.083181286986879,0.867213481045468,0.00235626123211491
"PPN_247",1.44418230045364,1.59225269485285,-2.2972169226377,0.270129064233251,-1.42730318832423,-0.0249944410364479,-1.10184475265858,0.450970281443844,1.33629207163195,-0.650912703350753,-0.29301576671108,0.394102207404886
"PPN_248",0.535984354590031,1.28375231161687,-3.09938257348288,1.35625276140776,-1.07657919696565,0.130085425600912,-0.330438412062303,1.08417149975202,-0.12427942471247,1.65859551233884,0.783270788844064,-0.0108445651592786
"PPN_249",-0.233568386136877,0.653555071175509,-3.28089730781653,2.15327418549834,3.2322473359355,2.31567075079066,-1.55879265254272,0.522125238397272,-2.61302416360871,-0.285071657180021,0.180437533856337,-0.0529792364887645
"PPN_250",0.266823765223748,0.714742940936772,-2.05976014659943,0.151620005720039,-1.77961492698457,0.150095329297537,0.287649784991268,0.513939429043515,-0.186460998002518,0.279853690155905,-0.0196688609570534,-0.0725602743047445
"PPN_251",0.863645214705233,0.82090274826838,-1.40168855622174,0.998707952072863,-0.0952061767098022,1.41168647334827,-1.48739821404496,-1.6235100557832,0.101505248808598,0.153645509848307,0.223533685641061,0.206412316633659
"PPN_252",0.414535761152852,1.10778575794082,0.640082086753832,2.68051965310631,1.4211858477858,-0.18728767124002,-0.449420641289813,1.08671369310327,-0.871906645311349,0.288364466658901,1.62245135793302,0.435061713867123
"PPN_253",-0.519704347729901,0.527912390610753,-1.3122598898213,-4.99808540890069,-0.186357152974686,0.267097336155623,1.02311256258354,0.589350632920898,0.887740768676783,-1.25429765151579,-0.289373723274981,-0.304452342968252
"PPN_254",-0.464743908545466,0.364800988839687,-2.13926631746048,0.587496810479764,-0.788056670579731,0.703582895939428,1.4430957244343,-0.484803241261948,0.316595034024798,0.329006476196103,-0.963047043447936,0.0983416269248
"PPN_255",-0.181953829119464,0.920180869460066,3.08870708167158,-3.76346765372843,-0.400757792125527,0.0821382605885471,0.0756099288612659,-0.668322521168599,-2.21990675060846,-0.462449298675668,-0.560875982024323,0.426412854202847
"PPN_256",0.837824291158867,0.495233043408199,-2.29557693176821,-1.03787806724715,-0.364983199908339,0.78624383498472,-2.05057892521569,0.953005806870053,1.18166437086206,0.132381694167617,-0.550026228892325,0.190167954446373
"PPN_257",0.78164703487414,0.956976409392788,-2.8912659772905,-0.766528295145101,-1.63731575212708,2.15749561448272,-2.53316603056276,1.86406090477262,-0.413465826596658,-0.426318463157794,-0.139537419942009,-0.076504850381437
"PPN_258",-0.085773060546701,0.634735916360701,-0.828574527265511,-3.3019985647149,0.527261772622387,2.23154252658045,-0.521249127367191,0.7793139081811,-0.364590364509653,1.13077033689649,0.877388211188458,0.0892474835126106
"PPN_259",2.49287869689726,0.73282048293583,-1.17732646544407,-1.73297468905509,-2.24473563050165,-1.0375090266559,1.47286307274584,-0.823084482906709,0.569844617779196,-0.82322093815853,0.199869475025639,0.0635730045449893
"PPN_260",-0.343737794053848,0.649360984047931,-3.16990689839914,-1.18691497829661,-2.81200203979197,0.241282774887134,1.75723296793999,0.415690920275736,0.0719197934882542,0.35634365857351,-0.140342695698122,-0.0116476727170799
"PPN_261",0.770893657960565,0.26474852949327,0.438725251501433,-2.86906077996397,-0.0926965256482495,-0.598086618596073,0.361695960868433,0.23749471669465,0.0867205814315123,-0.86358950251589,0.409855495934735,0.0205629060324596
"PPN_262",-0.573447969814046,0.392391828168295,-0.58151018029704,-2.230804136192,0.757290376428303,1.11296539634197,-0.62012581747841,0.159591894308332,-0.209484790405843,0.222463063538558,0.609970793137054,0.368577813325841
"PPN_263",0.634045658681425,0.536785232005696,-1.14418825567923,-3.16676570009566,-0.0914000558102859,0.154135953206534,0.119553144335095,0.527472888328018,-0.712003313020776,-0.336354647138301,0.277922860078053,0.214448030756774
"PPN_264",-0.288887974605802,0.513397942659913,-0.847492476538914,0.00625606208100429,0.174190901768772,-0.997907949539505,0.646099005055886,0.376682503832356,0.992980620092254,-0.399199774934705,-0.737538014281382,0.00498965839905393
"PPN_265",0.621743605458388,0.224634397468844,-1.38652226661945,-4.9608388897317,-1.67990949170734,0.445258319654646,1.52021307399399,-0.205849994879275,-0.642952981646876,-0.343414724493854,1.16558313379639,-0.0163560342181788
"PPN_266",1.03983300785407,0.888054620939463,0.704476855018795,-0.116911802659149,2.25737421793684,0.88662686789315,-0.514090668673692,0.945551307523833,-0.459340505427829,-0.0078652269954592,-0.413295404457753,0.0917810346841329
"PPN_267",0.227594591090442,0.348406005370215,0.948769488962396,-0.410723646441983,-0.37291900775595,1.30452237973981,0.0964958261498999,-0.795079597421434,-0.78442366024234,-1.12174759104583,0.118275327838426,0.157878728981437
"PPN_268",-0.00554479649784914,0.933036021365054,-1.69364097059641,0.557424056118761,-0.0723628057387037,-0.491298219514862,2.13691876201312,-1.29829068506012,-0.0896950242723088,-0.212082052157699,0.0907572557735622,0.322267725899262
"PPN_269",0.524014160576163,0.890156395930875,0.538110249731481,1.21352027505147,-0.293483351231586,0.527783218752844,1.51504673752688,-1.4390730129833,0.62647673008029,-0.706549937147673,-0.330672487354018,0.0833735838969029
"PPN_270",-0.154584229263636,0.865773528957581,1.00534275646367,0.072453626821042,0.280845901171483,1.50497173963847,-1.05747774862722,-0.40250669747962,0.678399651172418,-0.495966794293646,0.128942703822239,0.318216807206806
"PPN_271",-0.657437304900162,1.01713597618756,0.119400799033519,0.62651730908787,1.10754525039911,2.33887085173037,-0.0555631104599522,-2.52570476912892,0.723192900626993,0.607868522401999,0.0506809904396581,0.33795125737982
"PPN_272",0.400353172411183,1.25715704991577,2.44587108000405,2.22846426140001,-0.305381721996521,2.70194504621631,-0.160036710797246,-2.13339918455194,0.240880617625521,-0.360865308242069,0.194349393306998,0.0615015657286667
"PPN_273",-0.765588267486791,0.90898501360093,-0.0412121192187857,-0.143834453723298,-0.189620720524938,1.51572501115048,1.25964398730185,-0.671972580241725,-0.172178965180339,-0.50286383001319,-0.0328499172585371,0.380816714617925
"PPN_274",-0.342299737480776,0.296432299068313,-0.0165504567260882,3.61492648928154,0.237862221119296,0.609649017330828,-0.0628105295608804,-0.105657344700233,-1.71770285622417,-0.857707582172212,0.251039572311856,0.0239559544323591
"PPN_275",0.701086911616118,0.740121385537578,-0.445242701213845,2.13070998453669,0.865819249874599,1.26085935030091,-0.313408682009574,0.42205685886404,0.425228767318037,0.0638660239991388,-0.0241508568254999,0.0735028180350309
"PPN_276",-0.344622751944969,0.866547867112312,-0.468017043909404,0.246817933385447,0.416329805229234,1.20179682753078,0.186706621142281,-1.1803944679241,-0.757673759829696,-0.389189774777736,0.432148562120222,0.2943075226286
"PPN_277",0.945754014272717,0.657680726760924,-0.498371514534049,2.8035910400311,-0.324220150487364,-0.411574143229122,1.67258254233851,-2.74413421826894,-0.85834305497482,-0.645068963926074,0.218521683434567,0.112675300585697
"PPN_278",0.645794613222512,0.984677868457786,-0.0282836828627301,1.84557171238604,1.08967285057555,1.20978910782715,0.423926056070248,-0.988380635119634,0.530333189433801,-0.555811196590445,0.081396502204477,0.416829895763295
"PPN_279",-0.697219577715417,0.786540842536241,-0.814132232469665,2.49847804541958,1.70459892965153,-0.609554411688194,1.20121974172467,0.914264183440893,-0.487685874882468,-1.23755061377246,0.196428934759733,0.281880203991487
"PPN_280",-0.449897601385456,0.0525395345664447,0.407827465239964,0.121381657193757,0.720316933203436,2.3650145758558,1.27143054474574,-1.41296596283131,-0.202358762354248,0.229846845150479,-0.40090336415072,0.0387754779200089
"PPN_281",-0.790634852878427,0.393276786059416,-0.00042674232978374,3.0779548880339,0.235236630096061,0.0106616264674216,0.60472218295586,-0.074475918975449,-1.43612933697495,-0.797015515435019,0.219338446695733,-0.00680673875462781
"PPN_282",0.76646886850496,1.35068294481517,-0.00386015934566759,2.20386867119972,0.711483231711147,2.53329604641981,-1.26908920697055,-0.163162423891485,0.381195311539905,-0.31336338148556,0.163909800501674,0.25845429156501
"PPN_283",0.509057233679763,1.22956621058717,-2.01891137253628,2.83899422873487,-0.802337256755622,1.84768638671561,-0.948913113624691,2.84566244790669,-2.18360665996941,-1.04660243945177,0.234681627250296,-0.17759909713573
"PPN_284",1.17966774001574,-0.116987811915248,3.06261258548712,1.72076969136929,0.673092996651412,0.825594911290755,0.527445357584735,1.24199280333915,0.318348716309981,-1.60526069862951,-0.193095545972027,-0.0145259668780062
"PPN_285",0.0751259464965629,1.12274268483722,1.76125322641848,0.182080552506711,-1.37814121892544,2.65948250183989,0.356774165627799,-0.00513299798957787,-0.970174527512985,-2.41028849564414,-0.284408620079445,0.12480620715239
"PPN_286",0.942214182708233,1.52642825901845,-0.945557286367783,2.21437385117575,0.860108119990454,1.47209667574545,0.845435143467297,-1.01062771750986,-0.163856675872502,-0.323408873607486,0.296141806925712,0.14089417593965
"PPN_287",0.630948306062502,1.29693932273103,0.584768639541496,1.08712933773428,-1.01423833162382,1.15476152972948,-0.480150544964586,-1.37315505401635,1.37384795246104,-0.573783045444239,-0.12311960049877,0.536717000506467
"PPN_288",0.400021313202013,1.33860213106492,1.30975697861707,3.54426954633567,0.484853550315267,1.74173414730958,-2.36973760802424,-0.230822947761638,0.384621169577008,-0.782668575841996,0.142427644211224,-0.0864218353634104
